ID,Name,Location,Nationality,Age,Gender,Height_cm
M0001,Mary Williams,Central Parish,Brazilian,58,Female,157.1
M0002,Michael Hernandez,Central Parish,Nigerian,25,Male,180.4
M0003,William Davis,Central Parish,Indian,19,Male,189.1
M0004,Michael Jones,East Parish,French,65,Female,151.7
M0005,Patricia Hernandez,South Parish,Brazilian,35,Female,153.4
M0006,Linda Davis,West Parish,Brazilian,33,Female,188.9
M0007,Jennifer Hernandez,South Parish,Canadian,32,Male,168.3
M0008,Linda Miller,West Parish,Spanish,26,Female,169.1
M0009,Linda Garcia,West Parish,Kenyan,65,Female,178.4
M0010,Robert Hernandez,West Parish,American,24,Female,180.3
M0011,Michael Johnson,South Parish,French,61,Female,184.0
M0012,William Martinez,East Parish,Kenyan,65,Female,197.4
M0013,William Jones,East Parish,Brazilian,75,Female,168.6
M0014,William Miller,Central Parish,Nigerian,52,Female,188.2
M0015,Robert Martinez,Central Parish,Ghanaian,23,Male,178.7
M0016,Mary Jones,East Parish,Canadian,55,Female,176.5
M0017,Michael Brown,West Parish,Canadian,45,Male,169.9
M0018,Elizabeth Miller,Central Parish,Ugandan,20,Male,182.5
M0019,Linda Smith,West Parish,British,19,Female,162.5
M0020,William Hernandez,West Parish,Ghanaian,23,Male,155.7
M0021,John Miller,South Parish,Ghanaian,31,Male,186.8
M0022,John Martinez,Central Parish,Chinese,32,Male,175.0
M0023,William Smith,North Parish,Ghanaian,50,Male,169.3
M0024,Patricia Brown,South Parish,South African,56,Male,178.1
M0025,Michael Hernandez,West Parish,German,19,Male,163.1
M0026,Mary Smith,East Parish,German,53,Male,163.0
M0027,Jennifer Miller,Central Parish,Spanish,30,Male,172.3
M0028,Patricia Miller,South Parish,Spanish,63,Male,199.8
M0029,Elizabeth Martinez,East Parish,Indian,59,Male,164.3
M0030,Patricia Jones,South Parish,Brazilian,62,Female,195.8
M0031,Elizabeth Garcia,South Parish,French,52,Male,174.6
M0032,Elizabeth Garcia,North Parish,Indian,44,Male,156.1
M0033,Patricia Jones,Central Parish,South African,32,Female,192.6
M0034,John Johnson,South Parish,Nigerian,46,Female,172.6
M0035,Elizabeth Williams,East Parish,German,55,Female,194.9
M0036,Mary Martinez,North Parish,South African,35,Male,172.3
M0037,Mary Johnson,North Parish,Spanish,69,Male,154.4
M0038,Linda Johnson,North Parish,Nigerian,73,Male,184.1
M0039,John Davis,East Parish,Italian,18,Female,192.3
M0040,Jennifer Garcia,West Parish,Nigerian,66,Male,166.0
M0041,James Johnson,South Parish,Indian,69,Male,167.4
M0042,Patricia Garcia,East Parish,Indian,28,Female,153.2
M0043,James Brown,Central Parish,South African,62,Female,177.1
M0044,Patricia Williams,North Parish,Canadian,45,Female,194.6
M0045,Jennifer Garcia,East Parish,Spanish,39,Male,192.6
M0046,Mary Johnson,South Parish,American,35,Male,185.6
M0047,William Brown,East Parish,Ghanaian,27,Male,196.4
M0048,John Williams,North Parish,Brazilian,31,Male,181.9
M0049,Linda Williams,West Parish,Indian,79,Female,189.7
M0050,James Smith,North Parish,Italian,66,Male,175.4
M0051,John Brown,Central Parish,South African,39,Male,156.1
M0052,Patricia Smith,South Parish,Italian,24,Female,160.0
M0053,James Garcia,South Parish,American,23,Female,156.9
M0054,Michael Johnson,North Parish,Chinese,42,Female,189.5
M0055,Jennifer Johnson,North Parish,South African,24,Male,151.3
M0056,Linda Johnson,West Parish,Chinese,40,Female,177.7
M0057,John Davis,North Parish,Nigerian,72,Male,168.4
M0058,Elizabeth Davis,South Parish,Canadian,40,Female,190.2
M0059,Robert Smith,Central Parish,Nigerian,56,Female,177.6
M0060,Linda Martinez,East Parish,Canadian,34,Male,180.6
M0061,Mary Davis,East Parish,American,69,Female,154.3
M0062,James Miller,Central Parish,Ghanaian,20,Female,165.5
M0063,Mary Davis,West Parish,Ghanaian,64,Female,200.0
M0064,John Smith,North Parish,Canadian,47,Male,185.9
M0065,Linda Johnson,North Parish,Spanish,52,Female,176.3
M0066,Elizabeth Johnson,North Parish,Chinese,25,Male,188.5
M0067,Robert Miller,South Parish,Kenyan,80,Female,191.2
M0068,Elizabeth Williams,South Parish,Chinese,77,Female,153.7
M0069,Mary Miller,North Parish,South African,42,Female,198.6
M0070,William Jones,East Parish,Spanish,23,Female,182.1
M0071,Michael Johnson,West Parish,Kenyan,53,Female,172.5
M0072,James Garcia,South Parish,Chinese,36,Female,184.0
M0073,Elizabeth Miller,North Parish,Brazilian,71,Male,167.2
M0074,John Garcia,North Parish,Chinese,58,Male,193.9
M0075,Elizabeth Davis,West Parish,Ugandan,57,Female,189.0
M0076,Linda Johnson,West Parish,German,74,Female,182.0
M0077,Michael Johnson,Central Parish,Kenyan,73,Male,159.1
M0078,Patricia Brown,East Parish,Ugandan,41,Female,198.3
M0079,Mary Smith,North Parish,Ghanaian,54,Female,171.6
M0080,Elizabeth Brown,North Parish,Canadian,30,Female,195.5
M0081,James Miller,West Parish,Chinese,63,Male,152.8
M0082,Patricia Johnson,North Parish,Indian,22,Female,156.2
M0083,Elizabeth Smith,Central Parish,Spanish,20,Female,157.7
M0084,Linda Garcia,Central Parish,Ugandan,60,Male,158.2
M0085,Linda Davis,West Parish,British,32,Female,166.1
M0086,James Brown,East Parish,British,67,Male,185.5
M0087,Linda Jones,Central Parish,British,36,Female,167.3
M0088,Michael Jones,Central Parish,Brazilian,23,Female,197.0
M0089,Robert Davis,East Parish,South African,72,Female,194.7
M0090,William Miller,West Parish,Chinese,32,Female,192.3
M0091,Mary Williams,East Parish,Indian,73,Female,162.5
M0092,Linda Jones,Central Parish,Ghanaian,24,Male,181.8
M0093,Patricia Smith,South Parish,German,42,Male,177.5
M0094,Jennifer Miller,North Parish,Ugandan,35,Male,156.3
M0095,Elizabeth Miller,North Parish,Ghanaian,47,Male,165.1
M0096,Mary Martinez,South Parish,Ugandan,58,Female,176.7
M0097,William Hernandez,East Parish,Brazilian,71,Female,175.1
M0098,Linda Miller,Central Parish,French,41,Male,158.4
M0099,Linda Smith,Central Parish,Ghanaian,28,Female,197.1
M0100,Mary Smith,Central Parish,German,41,Female,157.7
M0101,Linda Davis,North Parish,Kenyan,40,Female,182.9
M0102,Jennifer Jones,North Parish,Italian,31,Male,186.0
M0103,Mary Martinez,West Parish,Canadian,60,Male,180.3
M0104,James Hernandez,North Parish,Nigerian,35,Female,192.1
M0105,Linda Williams,North Parish,Italian,62,Male,178.2
M0106,Robert Williams,East Parish,Chinese,77,Female,191.3
M0107,William Martinez,East Parish,Indian,61,Male,151.4
M0108,Michael Miller,West Parish,Kenyan,59,Female,152.3
M0109,James Hernandez,South Parish,Brazilian,22,Female,182.1
M0110,Linda Hernandez,South Parish,Nigerian,56,Female,178.8
M0111,Mary Hernandez,West Parish,German,58,Female,182.6
M0112,Robert Garcia,North Parish,Chinese,28,Female,188.3
M0113,Patricia Jones,West Parish,Kenyan,52,Female,170.8
M0114,John Hernandez,North Parish,British,64,Female,181.9
M0115,Elizabeth Miller,West Parish,Indian,33,Female,174.9
M0116,Patricia Johnson,South Parish,Canadian,28,Female,181.4
M0117,William Brown,East Parish,British,47,Female,164.5
M0118,Robert Smith,Central Parish,Kenyan,42,Female,197.8
M0119,James Brown,West Parish,Canadian,35,Male,174.1
M0120,James Martinez,North Parish,Italian,77,Male,190.2
M0121,Jennifer Smith,Central Parish,Ugandan,58,Male,184.2
M0122,Mary Garcia,Central Parish,Ghanaian,62,Female,164.9
M0123,Robert Brown,West Parish,Chinese,53,Male,153.6
M0124,Mary Davis,South Parish,South African,32,Male,153.0
M0125,Elizabeth Smith,South Parish,Indian,61,Male,172.0
M0126,John Hernandez,South Parish,Indian,38,Male,174.2
M0127,John Jones,West Parish,Italian,71,Female,160.2
M0128,John Smith,East Parish,British,67,Female,180.3
M0129,Linda Davis,Central Parish,Indian,67,Female,165.6
M0130,James Martinez,East Parish,Kenyan,21,Male,185.9
M0131,Michael Garcia,West Parish,Brazilian,32,Male,186.7
M0132,Elizabeth Martinez,North Parish,Indian,70,Female,193.0
M0133,Michael Martinez,South Parish,Kenyan,20,Male,198.8
M0134,Patricia Smith,South Parish,Ugandan,69,Female,156.5
M0135,Michael Smith,West Parish,Canadian,38,Male,168.5
M0136,Jennifer Johnson,West Parish,Spanish,43,Female,178.1
M0137,Robert Brown,North Parish,Spanish,35,Male,166.0
M0138,Linda Hernandez,East Parish,French,22,Male,173.3
M0139,Jennifer Williams,Central Parish,Indian,31,Female,163.4
M0140,Robert Smith,North Parish,Canadian,76,Male,162.4
M0141,James Garcia,East Parish,Spanish,78,Male,154.8
M0142,Patricia Williams,South Parish,Brazilian,54,Female,164.5
M0143,Robert Martinez,North Parish,Chinese,74,Male,169.2
M0144,Jennifer Johnson,West Parish,Ghanaian,63,Female,180.8
M0145,William Martinez,West Parish,Chinese,38,Male,162.4
M0146,Robert Davis,East Parish,French,31,Male,193.3
M0147,Mary Brown,East Parish,Kenyan,59,Female,158.0
M0148,Robert Garcia,Central Parish,French,49,Female,166.4
M0149,Elizabeth Jones,East Parish,Spanish,43,Female,178.9
M0150,William Davis,South Parish,Brazilian,74,Female,165.6
M0151,Linda Garcia,North Parish,Kenyan,76,Female,188.2
M0152,Linda Miller,North Parish,Ghanaian,59,Male,174.9
M0153,Linda Hernandez,Central Parish,Canadian,47,Male,175.7
M0154,Robert Garcia,West Parish,French,27,Female,174.9
M0155,Michael Johnson,North Parish,Spanish,34,Female,165.4
M0156,Jennifer Williams,South Parish,Canadian,26,Male,151.2
M0157,James Miller,East Parish,Chinese,33,Male,197.3
M0158,Mary Garcia,North Parish,German,65,Female,175.3
M0159,Patricia Hernandez,Central Parish,Spanish,53,Female,198.3
M0160,Michael Miller,West Parish,South African,52,Male,160.8
M0161,Michael Jones,South Parish,German,34,Male,167.6
M0162,Jennifer Jones,North Parish,American,65,Male,152.5
M0163,Jennifer Garcia,West Parish,Italian,55,Male,174.7
M0164,Jennifer Garcia,West Parish,South African,45,Female,194.1
M0165,William Johnson,Central Parish,Italian,75,Male,182.7
M0166,Mary Davis,East Parish,Chinese,55,Male,173.5
M0167,William Davis,North Parish,Canadian,43,Male,176.8
M0168,Michael Hernandez,Central Parish,Kenyan,41,Female,192.4
M0169,John Jones,West Parish,American,32,Male,171.5
M0170,William Garcia,North Parish,South African,26,Female,194.1
M0171,William Miller,North Parish,Brazilian,50,Female,186.4
M0172,John Miller,Central Parish,Indian,49,Female,188.2
M0173,Linda Jones,Central Parish,Chinese,23,Female,168.3
M0174,Jennifer Garcia,East Parish,Nigerian,66,Female,170.0
M0175,John Jones,South Parish,Spanish,21,Female,178.5
M0176,Jennifer Smith,West Parish,British,73,Male,159.7
M0177,Linda Williams,West Parish,German,25,Male,177.7
M0178,John Smith,Central Parish,Kenyan,27,Male,153.7
M0179,Michael Hernandez,Central Parish,Indian,58,Male,175.2
M0180,James Williams,South Parish,South African,28,Female,188.2
M0181,Elizabeth Davis,East Parish,American,68,Male,164.0
M0182,Patricia Miller,West Parish,Nigerian,61,Male,199.5
M0183,Mary Miller,East Parish,French,45,Male,184.0
M0184,William Garcia,North Parish,Nigerian,56,Male,155.9
M0185,Robert Jones,Central Parish,Indian,22,Male,198.8
M0186,John Davis,South Parish,South African,42,Male,169.7
M0187,William Jones,South Parish,Ghanaian,42,Male,189.7
M0188,Linda Miller,West Parish,Spanish,56,Female,167.0
M0189,Linda Garcia,Central Parish,German,47,Female,196.9
M0190,Linda Davis,West Parish,French,51,Female,187.7
M0191,Michael Brown,North Parish,British,34,Female,160.0
M0192,Jennifer Davis,South Parish,Nigerian,80,Male,175.5
M0193,Mary Smith,East Parish,Spanish,53,Male,175.0
M0194,Patricia Hernandez,Central Parish,British,73,Female,152.3
M0195,John Johnson,North Parish,Brazilian,78,Female,156.9
M0196,Michael Hernandez,South Parish,Nigerian,18,Female,166.7
M0197,Elizabeth Garcia,North Parish,South African,61,Male,173.7
M0198,Elizabeth Hernandez,North Parish,Ghanaian,64,Male,172.8
M0199,James Brown,West Parish,French,25,Female,180.3
M0200,John Miller,North Parish,Ugandan,61,Male,175.8
M0201,Michael Davis,Central Parish,Kenyan,74,Female,166.4
M0202,Michael Davis,East Parish,Ghanaian,52,Male,180.7
M0203,Mary Jones,Central Parish,Italian,66,Male,158.1
M0204,Michael Jones,Central Parish,Ugandan,35,Male,199.5
M0205,Michael Jones,South Parish,Italian,67,Female,187.0
M0206,Michael Martinez,North Parish,Nigerian,59,Male,165.0
M0207,Elizabeth Davis,East Parish,French,39,Male,166.8
M0208,William Hernandez,South Parish,German,25,Male,191.4
M0209,Patricia Davis,North Parish,Indian,36,Male,176.6
M0210,Mary Smith,West Parish,French,45,Female,185.4
M0211,Linda Smith,East Parish,Ugandan,28,Female,165.0
M0212,Mary Jones,North Parish,South African,47,Female,190.8
M0213,Robert Martinez,West Parish,Ghanaian,18,Male,168.4
M0214,John Smith,East Parish,German,79,Female,183.7
M0215,William Smith,West Parish,South African,64,Female,199.0
M0216,Michael Miller,South Parish,Chinese,74,Female,179.2
M0217,William Jones,North Parish,Italian,64,Female,189.8
M0218,Michael Miller,East Parish,Indian,34,Female,186.3
M0219,Patricia Johnson,Central Parish,British,80,Female,184.4
M0220,Patricia Miller,West Parish,Ghanaian,50,Male,151.3
M0221,Patricia Jones,East Parish,South African,66,Male,173.7
M0222,Jennifer Smith,North Parish,Chinese,29,Female,198.4
M0223,Patricia Davis,East Parish,Kenyan,50,Female,189.1
M0224,Patricia Miller,North Parish,American,76,Female,188.8
M0225,James Davis,East Parish,Nigerian,24,Male,178.9
M0226,Jennifer Miller,West Parish,French,73,Male,186.1
M0227,Patricia Hernandez,South Parish,British,58,Male,179.2
M0228,Elizabeth Martinez,East Parish,Spanish,37,Male,158.5
M0229,Michael Hernandez,West Parish,British,71,Female,181.5
M0230,Elizabeth Miller,North Parish,Brazilian,58,Male,181.0
M0231,Michael Smith,South Parish,British,50,Male,192.1
M0232,John Davis,Central Parish,Brazilian,56,Female,157.4
M0233,Elizabeth Brown,Central Parish,Kenyan,30,Female,184.0
M0234,John Davis,East Parish,Brazilian,27,Female,151.6
M0235,Robert Jones,Central Parish,German,41,Male,197.4
M0236,Mary Johnson,South Parish,British,66,Female,155.5
M0237,James Garcia,North Parish,Canadian,28,Female,150.9
M0238,Michael Miller,North Parish,Spanish,52,Male,165.7
M0239,John Jones,East Parish,Kenyan,79,Female,157.6
M0240,Elizabeth Johnson,East Parish,Ugandan,67,Female,184.5
M0241,Michael Miller,West Parish,American,77,Female,170.5
M0242,William Martinez,Central Parish,Kenyan,51,Female,188.7
M0243,Robert Johnson,West Parish,Kenyan,76,Female,196.0
M0244,Patricia Martinez,North Parish,Spanish,18,Male,193.6
M0245,Jennifer Garcia,East Parish,Brazilian,56,Male,186.8
M0246,William Brown,West Parish,Nigerian,38,Female,153.1
M0247,Robert Jones,Central Parish,American,49,Female,156.9
M0248,Elizabeth Williams,Central Parish,South African,19,Female,160.4
M0249,Patricia Miller,North Parish,Chinese,25,Female,166.3
M0250,James Martinez,East Parish,German,77,Female,183.1
M0251,Patricia Martinez,South Parish,French,41,Male,176.3
M0252,Patricia Brown,North Parish,Brazilian,74,Female,165.7
M0253,Elizabeth Johnson,South Parish,Ugandan,71,Male,158.7
M0254,James Hernandez,East Parish,Italian,69,Female,195.6
M0255,James Hernandez,North Parish,South African,37,Female,167.1
M0256,Jennifer Davis,South Parish,Indian,33,Female,167.7
M0257,James Jones,North Parish,Chinese,21,Male,188.6
M0258,Elizabeth Brown,Central Parish,Italian,33,Female,186.0
M0259,James Martinez,East Parish,Ugandan,74,Male,182.2
M0260,Mary Jones,North Parish,Spanish,54,Female,184.7
M0261,Elizabeth Smith,South Parish,South African,78,Female,180.5
M0262,William Jones,North Parish,Indian,23,Male,159.6
M0263,Elizabeth Brown,North Parish,Kenyan,23,Male,162.3
M0264,Elizabeth Johnson,North Parish,Kenyan,64,Female,177.9
M0265,Elizabeth Smith,East Parish,Ugandan,49,Female,161.2
M0266,Elizabeth Smith,North Parish,Spanish,70,Female,198.6
M0267,Linda Brown,West Parish,South African,22,Male,164.9
M0268,James Jones,North Parish,Canadian,80,Male,164.5
M0269,William Garcia,West Parish,Ghanaian,66,Female,160.4
M0270,John Smith,East Parish,British,52,Male,185.2
M0271,Jennifer Williams,Central Parish,French,67,Female,165.9
M0272,Elizabeth Martinez,West Parish,South African,26,Female,167.4
M0273,Robert Garcia,East Parish,Canadian,26,Female,196.7
M0274,John Martinez,Central Parish,South African,60,Male,189.8
M0275,John Garcia,North Parish,Spanish,48,Male,163.7
M0276,Patricia Williams,North Parish,Canadian,78,Male,156.1
M0277,Mary Miller,Central Parish,Spanish,53,Male,183.8
M0278,Michael Johnson,East Parish,South African,28,Female,169.0
M0279,Michael Garcia,West Parish,Chinese,34,Male,199.0
M0280,Linda Garcia,North Parish,German,51,Female,190.9
M0281,Mary Miller,East Parish,Indian,73,Male,197.7
M0282,Michael Johnson,Central Parish,Nigerian,56,Male,190.2
M0283,Mary Davis,Central Parish,Canadian,45,Male,164.5
M0284,Jennifer Martinez,Central Parish,Spanish,79,Female,164.4
M0285,Mary Jones,East Parish,Canadian,31,Male,185.7
M0286,Patricia Smith,South Parish,American,77,Male,167.3
M0287,Elizabeth Garcia,West Parish,German,52,Female,172.1
M0288,John Williams,North Parish,Ghanaian,66,Female,162.8
M0289,Elizabeth Johnson,West Parish,American,64,Female,174.0
M0290,John Miller,North Parish,Italian,62,Female,160.1
M0291,Elizabeth Williams,Central Parish,Spanish,30,Female,176.9
M0292,Michael Williams,Central Parish,French,63,Female,196.7
M0293,Patricia Johnson,Central Parish,South African,37,Male,184.8
M0294,Patricia Jones,East Parish,British,43,Female,156.9
M0295,Mary Jones,West Parish,South African,60,Male,180.8
M0296,John Davis,Central Parish,Ghanaian,59,Female,179.3
M0297,James Williams,East Parish,Indian,41,Male,162.1
M0298,Patricia Jones,North Parish,British,46,Male,183.5
M0299,William Davis,Central Parish,Ugandan,75,Male,176.6
M0300,John Jones,West Parish,Nigerian,51,Female,181.9
M0301,James Williams,East Parish,Spanish,46,Female,152.6
M0302,James Hernandez,Central Parish,German,25,Female,170.7
M0303,Michael Hernandez,Central Parish,Spanish,33,Female,185.9
M0304,Jennifer Johnson,West Parish,Indian,32,Male,155.0
M0305,Robert Martinez,North Parish,Kenyan,22,Female,188.5
M0306,Michael Garcia,South Parish,Indian,39,Female,150.3
M0307,John Davis,Central Parish,Ugandan,19,Female,177.5
M0308,Mary Garcia,South Parish,Canadian,55,Male,196.5
M0309,James Garcia,Central Parish,Italian,53,Female,170.3
M0310,William Garcia,North Parish,South African,32,Female,196.8
M0311,John Brown,West Parish,Ghanaian,55,Female,193.9
M0312,Jennifer Williams,North Parish,Kenyan,32,Female,173.9
M0313,Jennifer Miller,East Parish,Chinese,18,Female,160.0
M0314,Mary Jones,South Parish,German,22,Female,198.2
M0315,Linda Smith,West Parish,Kenyan,63,Female,166.1
M0316,Robert Hernandez,East Parish,Indian,58,Male,182.3
M0317,Robert Davis,East Parish,South African,21,Male,195.4
M0318,Linda Martinez,South Parish,Indian,32,Female,154.5
M0319,Linda Smith,Central Parish,Italian,22,Male,178.7
M0320,Patricia Jones,Central Parish,Brazilian,75,Female,176.8
M0321,Elizabeth Miller,Central Parish,German,20,Male,186.2
M0322,William Jones,Central Parish,Italian,73,Female,196.8
M0323,Linda Garcia,East Parish,Chinese,39,Female,195.7
M0324,Jennifer Smith,East Parish,Nigerian,22,Female,158.8
M0325,William Miller,West Parish,Kenyan,50,Female,194.1
M0326,Robert Hernandez,North Parish,Brazilian,33,Male,158.8
M0327,Elizabeth Brown,North Parish,German,35,Female,196.0
M0328,Patricia Johnson,West Parish,British,60,Male,199.9
M0329,Elizabeth Williams,North Parish,German,49,Male,169.8
M0330,Mary Williams,Central Parish,Ugandan,31,Female,174.8
M0331,Patricia Miller,East Parish,French,52,Male,196.8
M0332,Patricia Garcia,North Parish,Indian,26,Female,198.1
M0333,Robert Brown,East Parish,Ghanaian,64,Male,196.3
M0334,James Brown,North Parish,German,77,Female,193.8
M0335,Elizabeth Brown,West Parish,American,74,Male,150.5
M0336,Patricia Garcia,South Parish,American,54,Male,178.4
M0337,James Johnson,North Parish,Italian,54,Female,155.4
M0338,Robert Miller,East Parish,South African,48,Male,199.1
M0339,Elizabeth Johnson,North Parish,German,33,Male,164.2
M0340,Robert Smith,West Parish,South African,68,Female,199.5
M0341,Elizabeth Johnson,North Parish,Chinese,48,Female,177.2
M0342,John Smith,South Parish,Indian,69,Female,174.7
M0343,Jennifer Smith,West Parish,French,44,Female,196.9
M0344,Mary Smith,East Parish,French,30,Male,192.6
M0345,Robert Johnson,Central Parish,American,24,Female,173.4
M0346,Patricia Williams,Central Parish,Chinese,24,Female,159.6
M0347,Jennifer Johnson,North Parish,German,60,Female,155.6
M0348,James Hernandez,North Parish,Ghanaian,45,Female,158.1
M0349,James Davis,West Parish,Chinese,40,Male,172.9
M0350,Linda Williams,Central Parish,Indian,45,Male,162.9
M0351,John Martinez,South Parish,French,44,Male,159.3
M0352,Michael Brown,West Parish,Brazilian,47,Female,186.8
M0353,William Miller,West Parish,Kenyan,73,Male,189.5
M0354,Elizabeth Jones,West Parish,German,64,Male,178.4
M0355,Jennifer Davis,Central Parish,German,21,Female,187.9
M0356,Elizabeth Smith,East Parish,South African,61,Male,158.8
M0357,John Brown,West Parish,Ugandan,59,Male,192.8
M0358,Patricia Miller,North Parish,German,80,Female,194.9
M0359,John Smith,Central Parish,Ugandan,59,Male,191.3
M0360,Patricia Miller,Central Parish,Brazilian,24,Female,175.8
M0361,Robert Williams,South Parish,British,21,Male,154.3
M0362,William Williams,West Parish,Ugandan,43,Male,183.5
M0363,William Davis,North Parish,Spanish,64,Female,159.2
M0364,Elizabeth Williams,North Parish,Chinese,39,Male,157.0
M0365,Patricia Jones,Central Parish,Brazilian,69,Female,166.2
M0366,William Jones,Central Parish,British,73,Female,162.4
M0367,Linda Garcia,North Parish,French,24,Female,163.0
M0368,Michael Miller,South Parish,Kenyan,33,Female,161.8
M0369,John Hernandez,West Parish,Canadian,30,Male,187.7
M0370,William Johnson,South Parish,Canadian,30,Male,197.7
M0371,Linda Johnson,East Parish,Ugandan,52,Female,165.1
M0372,James Williams,South Parish,Indian,46,Male,186.1
M0373,Linda Martinez,West Parish,German,26,Male,150.6
M0374,John Miller,Central Parish,Ghanaian,45,Male,182.7
M0375,Robert Martinez,West Parish,Canadian,29,Male,184.6
M0376,Mary Hernandez,North Parish,Canadian,35,Female,153.1
M0377,Robert Johnson,North Parish,Chinese,47,Male,155.9
M0378,Patricia Hernandez,East Parish,Indian,33,Female,165.3
M0379,Linda Martinez,North Parish,Italian,73,Male,170.3
M0380,Mary Davis,North Parish,South African,77,Male,175.1
M0381,Jennifer Jones,West Parish,Nigerian,22,Female,194.8
M0382,Jennifer Davis,East Parish,Canadian,46,Female,185.2
M0383,Robert Smith,West Parish,Canadian,69,Female,165.5
M0384,Mary Jones,Central Parish,Canadian,73,Female,155.9
M0385,Michael Williams,West Parish,Nigerian,72,Male,195.8
M0386,Linda Davis,South Parish,Ghanaian,53,Female,164.8
M0387,Mary Brown,South Parish,Indian,24,Female,180.7
M0388,James Jones,Central Parish,Italian,21,Male,161.0
M0389,Elizabeth Williams,West Parish,Canadian,59,Male,156.7
M0390,William Jones,East Parish,Spanish,52,Female,157.7
M0391,Patricia Jones,East Parish,Italian,71,Female,187.4
M0392,Jennifer Brown,East Parish,German,18,Female,180.3
M0393,William Johnson,South Parish,Ghanaian,80,Female,170.8
M0394,Michael Brown,Central Parish,Chinese,23,Female,177.5
M0395,Mary Jones,Central Parish,French,77,Female,173.5
M0396,Elizabeth Martinez,North Parish,Chinese,66,Female,176.9
M0397,Jennifer Hernandez,West Parish,Indian,72,Male,183.2
M0398,William Davis,East Parish,Brazilian,33,Female,160.9
M0399,Elizabeth Hernandez,Central Parish,Indian,28,Female,162.4
M0400,William Williams,East Parish,Canadian,44,Male,187.7
M0401,Mary Davis,West Parish,Ghanaian,49,Male,193.7
M0402,Mary Hernandez,East Parish,Nigerian,48,Female,154.1
M0403,Mary Johnson,North Parish,Canadian,31,Female,172.3
M0404,Mary Johnson,South Parish,British,73,Female,185.2
M0405,John Williams,West Parish,Brazilian,43,Female,153.9
M0406,Jennifer Davis,North Parish,Brazilian,75,Male,178.2
M0407,Mary Hernandez,South Parish,Chinese,21,Female,153.1
M0408,Michael Martinez,West Parish,Chinese,28,Female,177.4
M0409,Linda Jones,West Parish,German,42,Male,175.3
M0410,Linda Jones,North Parish,German,18,Male,178.6
M0411,James Martinez,Central Parish,Italian,42,Female,157.5
M0412,John Martinez,North Parish,Italian,34,Female,166.4
M0413,Elizabeth Davis,South Parish,German,77,Male,176.0
M0414,Jennifer Miller,West Parish,South African,68,Female,155.8
M0415,Mary Williams,East Parish,Nigerian,68,Male,160.3
M0416,Robert Miller,South Parish,Brazilian,47,Male,179.2
M0417,John Johnson,West Parish,Canadian,36,Female,154.5
M0418,Jennifer Williams,Central Parish,Italian,45,Male,175.5
M0419,Michael Williams,West Parish,Ghanaian,62,Male,190.4
M0420,Michael Garcia,West Parish,Chinese,79,Male,172.7
M0421,Robert Garcia,West Parish,American,64,Female,175.7
M0422,Michael Davis,North Parish,Kenyan,68,Female,172.8
M0423,Elizabeth Smith,East Parish,Indian,53,Male,152.9
M0424,William Brown,West Parish,South African,60,Female,173.1
M0425,William Brown,West Parish,Chinese,63,Male,190.3
M0426,Mary Smith,North Parish,French,49,Male,186.2
M0427,Elizabeth Williams,East Parish,Spanish,27,Female,169.8
M0428,William Martinez,East Parish,Spanish,30,Female,190.8
M0429,Robert Garcia,South Parish,British,36,Female,187.3
M0430,William Davis,South Parish,Italian,31,Male,178.9
M0431,Elizabeth Davis,South Parish,Indian,79,Male,152.3
M0432,Patricia Miller,South Parish,American,21,Male,167.2
M0433,Michael Jones,Central Parish,Italian,55,Female,153.2
M0434,Linda Hernandez,Central Parish,Spanish,65,Female,199.7
M0435,Mary Hernandez,West Parish,Kenyan,52,Male,196.7
M0436,Patricia Hernandez,East Parish,Chinese,21,Female,153.5
M0437,William Martinez,North Parish,Brazilian,65,Female,196.7
M0438,Patricia Miller,West Parish,Canadian,38,Female,151.6
M0439,Jennifer Hernandez,North Parish,British,21,Female,170.4
M0440,Robert Garcia,East Parish,German,21,Male,188.4
M0441,Patricia Garcia,Central Parish,German,55,Female,188.3
M0442,Jennifer Davis,North Parish,Ghanaian,48,Male,198.9
M0443,Mary Miller,West Parish,Ugandan,50,Male,182.3
M0444,William Jones,West Parish,British,76,Male,171.0
M0445,Patricia Martinez,North Parish,Indian,72,Female,199.6
M0446,Patricia Martinez,North Parish,French,51,Female,169.1
M0447,John Miller,North Parish,South African,28,Male,193.5
M0448,Patricia Jones,East Parish,Indian,21,Female,195.3
M0449,Mary Williams,North Parish,Brazilian,79,Male,168.8
M0450,John Hernandez,South Parish,South African,50,Female,184.1
M0451,Robert Brown,South Parish,Ghanaian,23,Male,183.1
M0452,Elizabeth Martinez,Central Parish,French,72,Female,177.0
M0453,Michael Davis,West Parish,Kenyan,29,Female,182.7
M0454,Mary Williams,East Parish,Canadian,22,Female,167.4
M0455,Mary Jones,North Parish,Ghanaian,56,Female,158.9
M0456,James Martinez,South Parish,Kenyan,22,Female,176.9
M0457,Patricia Johnson,West Parish,Ugandan,61,Male,176.4
M0458,James Jones,East Parish,Canadian,73,Male,186.4
M0459,Michael Miller,West Parish,Nigerian,33,Female,161.1
M0460,Jennifer Martinez,West Parish,Spanish,43,Male,150.2
M0461,John Smith,East Parish,German,25,Female,151.1
M0462,Jennifer Davis,Central Parish,Ugandan,78,Male,164.9
M0463,Mary Miller,East Parish,British,74,Male,183.7
M0464,Jennifer Davis,South Parish,French,54,Female,177.2
M0465,Elizabeth Hernandez,East Parish,Ugandan,33,Female,176.6
M0466,Elizabeth Johnson,Central Parish,German,55,Female,191.2
M0467,James Williams,North Parish,Canadian,56,Male,162.4
M0468,Linda Hernandez,Central Parish,German,20,Male,167.3
M0469,Jennifer Jones,North Parish,Italian,57,Male,163.8
M0470,Linda Miller,West Parish,Chinese,23,Male,196.9
M0471,Elizabeth Jones,West Parish,Spanish,44,Female,186.3
M0472,William Garcia,South Parish,South African,60,Female,155.6
M0473,Michael Brown,East Parish,Italian,55,Male,190.5
M0474,William Davis,South Parish,Indian,54,Male,171.0
M0475,James Williams,South Parish,Spanish,51,Male,188.3
M0476,John Hernandez,North Parish,Ugandan,38,Male,194.2
M0477,Mary Jones,East Parish,Ghanaian,77,Female,150.8
M0478,Linda Jones,North Parish,Brazilian,34,Female,160.3
M0479,Robert Miller,Central Parish,Spanish,31,Female,155.0
M0480,James Miller,East Parish,American,60,Female,151.7
M0481,Elizabeth Miller,West Parish,Nigerian,63,Male,179.9
M0482,James Martinez,East Parish,Italian,38,Female,185.2
M0483,Jennifer Davis,North Parish,Ugandan,33,Male,152.4
M0484,John Miller,North Parish,Canadian,34,Female,187.0
M0485,Patricia Martinez,Central Parish,Ugandan,43,Female,170.1
M0486,Patricia Jones,North Parish,Kenyan,26,Female,161.7
M0487,Mary Jones,Central Parish,Canadian,60,Male,160.9
M0488,James Davis,South Parish,Italian,59,Female,193.2
M0489,Linda Davis,West Parish,Nigerian,37,Male,152.8
M0490,Elizabeth Smith,East Parish,Italian,47,Female,175.2
M0491,Patricia Brown,Central Parish,Brazilian,38,Female,164.5
M0492,Jennifer Martinez,East Parish,British,77,Male,190.8
M0493,Elizabeth Williams,East Parish,Canadian,66,Female,186.6
M0494,Michael Davis,North Parish,Ghanaian,77,Male,165.9
M0495,Elizabeth Brown,North Parish,British,22,Female,179.9
M0496,Robert Miller,Central Parish,Spanish,18,Female,183.6
M0497,Jennifer Davis,South Parish,Canadian,47,Male,166.0
M0498,John Hernandez,South Parish,Brazilian,57,Female,165.1
M0499,Elizabeth Jones,South Parish,Nigerian,54,Female,157.2
M0500,Robert Williams,West Parish,Canadian,24,Male,183.0
M0501,James Hernandez,East Parish,British,22,Male,161.1
M0502,Michael Garcia,South Parish,Kenyan,52,Female,165.0
M0503,James Johnson,North Parish,Spanish,31,Male,153.0
M0504,Jennifer Brown,Central Parish,Indian,50,Male,197.4
M0505,Mary Smith,Central Parish,American,34,Male,194.0
M0506,Michael Smith,North Parish,Canadian,26,Male,195.6
M0507,Mary Hernandez,South Parish,French,77,Female,181.3
M0508,Jennifer Hernandez,North Parish,Kenyan,40,Male,171.4
M0509,Mary Garcia,East Parish,Ugandan,74,Male,174.8
M0510,Jennifer Martinez,Central Parish,French,22,Male,198.6
M0511,Jennifer Miller,East Parish,Ugandan,74,Male,197.1
M0512,Patricia Davis,East Parish,Brazilian,33,Male,183.6
M0513,Michael Martinez,East Parish,Indian,41,Male,189.3
M0514,William Miller,South Parish,American,36,Male,165.9
M0515,William Martinez,North Parish,Spanish,28,Female,170.8
M0516,James Johnson,East Parish,South African,46,Male,157.5
M0517,William Miller,North Parish,Indian,71,Male,168.8
M0518,Jennifer Hernandez,North Parish,Ugandan,52,Female,187.7
M0519,Mary Garcia,South Parish,British,63,Male,173.7
M0520,Patricia Brown,Central Parish,Ghanaian,37,Male,192.5
M0521,John Hernandez,West Parish,South African,57,Female,165.0
M0522,Michael Williams,Central Parish,German,80,Male,185.4
M0523,Elizabeth Hernandez,Central Parish,Canadian,69,Male,190.3
M0524,William Davis,South Parish,Ghanaian,59,Male,195.7
M0525,William Jones,West Parish,German,51,Male,178.1
M0526,James Hernandez,South Parish,Kenyan,18,Male,198.4
M0527,Michael Johnson,Central Parish,Chinese,60,Female,177.9
M0528,Mary Martinez,East Parish,German,70,Male,156.7
M0529,Patricia Williams,North Parish,British,53,Female,162.1
M0530,Elizabeth Jones,West Parish,Chinese,37,Male,160.2
M0531,John Miller,North Parish,Kenyan,77,Male,182.3
M0532,Mary Martinez,South Parish,German,60,Female,196.1
M0533,John Williams,West Parish,Spanish,24,Male,192.4
M0534,Michael Miller,Central Parish,Indian,78,Male,154.6
M0535,Linda Miller,North Parish,Chinese,74,Female,186.2
M0536,John Hernandez,West Parish,Italian,26,Male,159.5
M0537,John Williams,North Parish,American,34,Male,163.4
M0538,Elizabeth Brown,East Parish,Chinese,25,Female,183.7
M0539,Mary Martinez,South Parish,Nigerian,74,Female,180.1
M0540,Patricia Davis,South Parish,South African,24,Female,193.7
M0541,James Johnson,West Parish,German,65,Male,159.4
M0542,Jennifer Smith,East Parish,Nigerian,53,Female,188.1
M0543,Jennifer Johnson,South Parish,South African,27,Male,186.2
M0544,Robert Williams,North Parish,German,35,Male,177.9
M0545,Michael Jones,East Parish,Kenyan,36,Female,174.0
M0546,Elizabeth Smith,Central Parish,Brazilian,56,Female,193.5
M0547,Robert Davis,West Parish,Ugandan,31,Male,166.6
M0548,Mary Brown,South Parish,Canadian,63,Male,197.9
M0549,Linda Hernandez,West Parish,Kenyan,39,Female,150.8
M0550,William Davis,South Parish,French,31,Female,196.9
M0551,Mary Williams,North Parish,German,61,Female,198.1
M0552,Mary Davis,South Parish,German,58,Male,155.9
M0553,John Brown,North Parish,Nigerian,72,Female,200.0
M0554,Patricia Miller,Central Parish,South African,34,Female,173.9
M0555,Linda Garcia,South Parish,Indian,50,Male,162.1
M0556,Mary Brown,Central Parish,German,49,Male,180.2
M0557,John Johnson,North Parish,Nigerian,34,Female,160.2
M0558,Mary Brown,Central Parish,German,75,Male,195.8
M0559,Linda Jones,East Parish,Kenyan,76,Male,177.6
M0560,Elizabeth Garcia,West Parish,Ugandan,72,Male,188.8
M0561,Linda Jones,East Parish,Chinese,21,Female,169.0
M0562,William Johnson,Central Parish,German,23,Female,176.7
M0563,Jennifer Williams,Central Parish,Kenyan,58,Female,168.0
M0564,Robert Miller,South Parish,Nigerian,45,Female,163.1
M0565,William Johnson,East Parish,French,71,Female,175.6
M0566,Linda Miller,East Parish,French,35,Female,174.9
M0567,James Williams,Central Parish,French,20,Male,154.9
M0568,Linda Johnson,West Parish,Nigerian,18,Male,199.1
M0569,John Martinez,South Parish,Canadian,39,Male,173.5
M0570,James Miller,East Parish,Indian,67,Female,192.0
M0571,Robert Smith,North Parish,British,26,Female,195.7
M0572,William Miller,West Parish,French,58,Male,168.5
M0573,Patricia Smith,South Parish,Indian,80,Female,170.7
M0574,Robert Brown,East Parish,American,34,Female,178.1
M0575,Elizabeth Hernandez,Central Parish,Kenyan,28,Female,161.1
M0576,Patricia Hernandez,South Parish,Brazilian,65,Female,157.3
M0577,Patricia Garcia,South Parish,Brazilian,46,Female,163.0
M0578,William Miller,South Parish,Nigerian,53,Male,196.7
M0579,James Smith,West Parish,Indian,63,Female,179.0
M0580,William Martinez,North Parish,Italian,45,Female,170.9
M0581,Patricia Garcia,South Parish,Ghanaian,53,Female,157.6
M0582,Jennifer Hernandez,Central Parish,American,18,Female,166.5
M0583,William Hernandez,North Parish,Canadian,25,Female,169.0
M0584,Robert Martinez,Central Parish,Spanish,22,Male,191.7
M0585,Elizabeth Jones,Central Parish,Canadian,78,Female,175.0
M0586,Patricia Smith,West Parish,Ghanaian,74,Male,182.7
M0587,John Jones,West Parish,Ghanaian,62,Male,184.2
M0588,Patricia Brown,Central Parish,Ghanaian,75,Male,162.9
M0589,Linda Jones,South Parish,South African,27,Male,191.1
M0590,Jennifer Hernandez,South Parish,Indian,52,Female,198.3
M0591,Jennifer Davis,West Parish,South African,20,Male,182.1
M0592,Elizabeth Brown,East Parish,British,71,Female,174.5
M0593,Michael Smith,South Parish,Kenyan,41,Male,158.4
M0594,Michael Hernandez,North Parish,Italian,55,Male,189.7
M0595,William Williams,Central Parish,Nigerian,53,Female,158.5
M0596,Jennifer Garcia,South Parish,Italian,27,Male,186.0
M0597,Mary Brown,Central Parish,French,45,Female,174.4
M0598,Mary Williams,South Parish,Canadian,26,Female,195.8
M0599,Linda Jones,North Parish,Nigerian,20,Female,177.1
M0600,Elizabeth Garcia,Central Parish,American,37,Male,182.1
M0601,Michael Miller,Central Parish,French,41,Female,152.9
M0602,Robert Davis,North Parish,Ugandan,75,Female,151.7
M0603,James Davis,West Parish,Kenyan,77,Female,192.3
M0604,William Smith,Central Parish,Kenyan,68,Male,197.3
M0605,Linda Johnson,North Parish,Canadian,80,Male,183.4
M0606,Jennifer Miller,North Parish,Ugandan,73,Male,188.2
M0607,Michael Williams,North Parish,Kenyan,20,Female,170.6
M0608,Patricia Martinez,Central Parish,British,75,Male,192.1
M0609,Elizabeth Garcia,West Parish,Kenyan,40,Male,161.6
M0610,Michael Jones,Central Parish,Kenyan,31,Female,185.4
M0611,William Brown,North Parish,American,61,Female,150.5
M0612,Mary Jones,North Parish,Italian,33,Male,175.3
M0613,Linda Hernandez,West Parish,Ghanaian,60,Female,168.7
M0614,Linda Martinez,Central Parish,German,24,Male,180.9
M0615,Robert Garcia,South Parish,American,40,Female,183.3
M0616,Michael Johnson,West Parish,Nigerian,67,Male,180.8
M0617,Linda Smith,West Parish,Spanish,53,Female,174.2
M0618,Elizabeth Garcia,West Parish,Ugandan,74,Male,174.4
M0619,William Williams,West Parish,Canadian,73,Male,150.3
M0620,Michael Martinez,Central Parish,American,44,Female,177.6
M0621,Michael Jones,North Parish,Indian,80,Female,150.6
M0622,John Smith,North Parish,British,57,Female,176.5
M0623,Patricia Garcia,West Parish,Italian,65,Female,163.7
M0624,James Jones,East Parish,Brazilian,27,Male,198.9
M0625,Elizabeth Smith,Central Parish,South African,77,Male,150.9
M0626,Michael Hernandez,East Parish,Brazilian,77,Male,190.7
M0627,John Davis,West Parish,Indian,33,Female,183.7
M0628,John Miller,West Parish,Brazilian,73,Male,190.3
M0629,Linda Jones,Central Parish,Chinese,28,Male,195.5
M0630,John Davis,East Parish,German,80,Male,155.4
M0631,Patricia Martinez,Central Parish,South African,69,Male,154.8
M0632,Elizabeth Jones,East Parish,Indian,69,Male,157.4
M0633,Michael Miller,East Parish,Spanish,29,Female,159.6
M0634,Elizabeth Garcia,South Parish,South African,74,Female,176.3
M0635,Patricia Davis,Central Parish,Brazilian,44,Female,190.8
M0636,Michael Johnson,South Parish,American,19,Female,163.4
M0637,Mary Brown,South Parish,Kenyan,29,Male,169.8
M0638,Linda Hernandez,North Parish,Indian,65,Female,168.7
M0639,William Williams,North Parish,Ugandan,77,Female,170.3
M0640,Linda Garcia,Central Parish,German,39,Female,178.3
M0641,Mary Hernandez,North Parish,Brazilian,68,Male,199.5
M0642,William Brown,Central Parish,Chinese,77,Male,161.3
M0643,Mary Hernandez,South Parish,Canadian,44,Male,184.2
M0644,James Smith,Central Parish,Nigerian,69,Male,192.4
M0645,Patricia Williams,East Parish,German,60,Male,182.7
M0646,William Williams,East Parish,Brazilian,73,Male,192.9
M0647,Robert Martinez,North Parish,Indian,65,Female,188.0
M0648,Jennifer Davis,South Parish,Brazilian,69,Female,154.7
M0649,Linda Smith,Central Parish,Kenyan,33,Female,169.0
M0650,John Garcia,South Parish,Italian,35,Female,177.6
M0651,Elizabeth Jones,East Parish,Indian,28,Female,152.8
M0652,Patricia Hernandez,Central Parish,Ghanaian,68,Female,150.5
M0653,Elizabeth Smith,Central Parish,German,62,Female,158.6
M0654,Elizabeth Johnson,South Parish,Spanish,24,Male,175.0
M0655,William Smith,West Parish,Canadian,42,Male,171.7
M0656,Linda Miller,South Parish,South African,73,Female,189.2
M0657,Elizabeth Garcia,North Parish,Chinese,20,Female,178.3
M0658,Mary Garcia,Central Parish,American,72,Male,192.9
M0659,Michael Garcia,South Parish,Ugandan,48,Female,154.8
M0660,James Johnson,West Parish,Canadian,32,Female,176.4
M0661,Michael Brown,South Parish,American,30,Female,152.1
M0662,Jennifer Williams,East Parish,Ugandan,70,Male,160.6
M0663,Michael Davis,Central Parish,Spanish,76,Male,193.4
M0664,Elizabeth Brown,Central Parish,Indian,47,Female,194.4
M0665,Elizabeth Garcia,East Parish,Spanish,40,Male,173.8
M0666,James Brown,West Parish,Italian,37,Male,152.3
M0667,Linda Miller,West Parish,Italian,70,Male,153.7
M0668,Patricia Smith,East Parish,Spanish,68,Female,196.3
M0669,William Martinez,North Parish,Spanish,73,Male,195.0
M0670,William Garcia,West Parish,Ugandan,32,Male,178.2
M0671,James Garcia,North Parish,Ugandan,32,Female,151.6
M0672,Linda Miller,East Parish,Chinese,19,Female,196.4
M0673,Patricia Smith,North Parish,Italian,60,Female,165.7
M0674,Jennifer Davis,Central Parish,Spanish,30,Male,198.1
M0675,John Johnson,West Parish,Canadian,43,Male,179.4
M0676,Jennifer Garcia,Central Parish,Ghanaian,39,Female,187.6
M0677,Robert Hernandez,Central Parish,Chinese,35,Female,185.6
M0678,Jennifer Miller,East Parish,American,73,Male,169.9
M0679,William Johnson,East Parish,German,22,Male,153.8
M0680,Linda Jones,South Parish,American,79,Female,158.1
M0681,James Davis,East Parish,French,67,Male,162.0
M0682,James Williams,Central Parish,German,35,Female,191.7
M0683,William Williams,North Parish,British,40,Male,169.5
M0684,William Johnson,West Parish,Chinese,59,Female,194.8
M0685,James Brown,West Parish,Italian,50,Male,166.6
M0686,Michael Jones,North Parish,Chinese,43,Female,187.8
M0687,John Johnson,South Parish,Brazilian,61,Male,157.0
M0688,Linda Hernandez,Central Parish,Spanish,80,Female,199.4
M0689,Jennifer Miller,Central Parish,South African,71,Male,186.2
M0690,Linda Miller,South Parish,South African,52,Female,175.0
M0691,Robert Jones,East Parish,Ugandan,39,Female,198.7
M0692,Elizabeth Davis,West Parish,French,78,Female,152.7
M0693,James Smith,South Parish,Brazilian,19,Female,171.9
M0694,Patricia Johnson,Central Parish,American,25,Female,191.9
M0695,Jennifer Jones,South Parish,Italian,74,Male,167.0
M0696,Robert Williams,East Parish,American,80,Female,188.5
M0697,Mary Jones,West Parish,German,34,Male,197.7
M0698,Linda Martinez,North Parish,American,29,Female,169.8
M0699,Linda Williams,East Parish,Canadian,55,Male,188.7
M0700,William Martinez,Central Parish,Chinese,79,Female,151.5
M0701,Elizabeth Johnson,North Parish,French,80,Female,163.7
M0702,James Hernandez,East Parish,Brazilian,34,Male,199.6
M0703,Mary Martinez,North Parish,British,20,Female,174.5
M0704,Patricia Smith,North Parish,Ugandan,24,Male,167.8
M0705,Patricia Davis,East Parish,Canadian,56,Male,197.1
M0706,Elizabeth Hernandez,North Parish,Brazilian,45,Female,171.6
M0707,William Martinez,East Parish,American,40,Female,184.0
M0708,John Williams,West Parish,Italian,64,Male,183.0
M0709,John Jones,East Parish,Canadian,68,Female,154.3
M0710,Patricia Smith,South Parish,Brazilian,38,Female,180.9
M0711,William Miller,East Parish,French,45,Female,189.9
M0712,Elizabeth Williams,West Parish,American,56,Male,185.7
M0713,Elizabeth Garcia,West Parish,French,80,Female,154.1
M0714,Mary Hernandez,West Parish,Brazilian,50,Male,157.7
M0715,Robert Williams,South Parish,British,25,Male,185.6
M0716,James Williams,West Parish,Canadian,42,Male,181.7
M0717,James Williams,East Parish,Italian,75,Male,187.0
M0718,Michael Garcia,West Parish,British,54,Female,165.8
M0719,Linda Williams,South Parish,Brazilian,30,Female,155.3
M0720,Elizabeth Martinez,Central Parish,Ghanaian,34,Male,150.3
M0721,Patricia Johnson,North Parish,Ugandan,20,Male,165.4
M0722,Linda Brown,North Parish,Kenyan,63,Male,168.0
M0723,Jennifer Davis,North Parish,Chinese,45,Male,163.5
M0724,Patricia Brown,South Parish,Kenyan,18,Female,156.6
M0725,William Brown,South Parish,Ugandan,51,Male,159.4
M0726,John Miller,West Parish,Brazilian,77,Male,172.4
M0727,Robert Hernandez,South Parish,Canadian,69,Male,177.7
M0728,Michael Smith,North Parish,Nigerian,52,Male,170.4
M0729,Linda Martinez,East Parish,South African,61,Male,151.3
M0730,Mary Jones,Central Parish,French,64,Female,167.7
M0731,Mary Jones,South Parish,British,78,Female,154.7
M0732,James Johnson,North Parish,Ghanaian,65,Female,179.9
M0733,Linda Garcia,East Parish,Nigerian,65,Female,166.2
M0734,Jennifer Jones,South Parish,Nigerian,60,Female,169.3
M0735,Jennifer Jones,South Parish,Ghanaian,30,Male,164.6
M0736,Robert Johnson,Central Parish,Kenyan,41,Female,169.4
M0737,Jennifer Martinez,East Parish,South African,45,Male,154.2
M0738,James Jones,East Parish,Brazilian,22,Female,195.1
M0739,Michael Garcia,North Parish,French,78,Female,195.3
M0740,Jennifer Hernandez,East Parish,Kenyan,60,Female,198.9
M0741,Mary Miller,South Parish,Kenyan,76,Female,178.6
M0742,Mary Jones,North Parish,British,39,Male,158.5
M0743,Jennifer Hernandez,South Parish,Nigerian,57,Female,169.0
M0744,William Johnson,East Parish,Canadian,38,Male,156.9
M0745,Linda Miller,North Parish,German,60,Female,165.1
M0746,Elizabeth Brown,East Parish,Nigerian,72,Female,174.7
M0747,Mary Brown,South Parish,Italian,25,Female,153.2
M0748,William Johnson,North Parish,Italian,64,Male,171.7
M0749,William Brown,South Parish,German,75,Male,171.1
M0750,Robert Hernandez,North Parish,Italian,37,Female,174.2
M0751,Mary Hernandez,South Parish,Italian,50,Female,153.8
M0752,James Davis,North Parish,American,37,Male,162.6
M0753,William Davis,South Parish,Brazilian,60,Male,162.3
M0754,James Smith,Central Parish,Italian,44,Female,181.3
M0755,John Johnson,South Parish,Nigerian,38,Female,179.7
M0756,William Williams,Central Parish,South African,43,Male,159.8
M0757,Michael Williams,Central Parish,Spanish,62,Female,155.3
M0758,Jennifer Miller,East Parish,South African,36,Male,165.2
M0759,Linda Martinez,North Parish,Brazilian,53,Female,197.4
M0760,Michael Brown,East Parish,Canadian,26,Female,166.6
M0761,William Smith,Central Parish,Spanish,30,Male,181.0
M0762,William Brown,West Parish,Chinese,44,Male,190.2
M0763,Michael Smith,East Parish,Nigerian,60,Female,166.5
M0764,Jennifer Hernandez,East Parish,American,78,Male,166.7
M0765,Robert Davis,North Parish,Ugandan,42,Female,190.8
M0766,James Hernandez,East Parish,German,61,Male,193.0
M0767,Mary Miller,South Parish,Brazilian,65,Male,198.7
M0768,Linda Hernandez,North Parish,Brazilian,75,Male,156.8
M0769,John Miller,South Parish,Brazilian,29,Male,166.0
M0770,Jennifer Brown,South Parish,Chinese,57,Female,197.4
M0771,Linda Davis,South Parish,American,54,Female,160.0
M0772,Linda Garcia,West Parish,British,37,Male,165.7
M0773,Elizabeth Davis,North Parish,South African,43,Female,198.2
M0774,Robert Martinez,South Parish,Chinese,53,Female,198.4
M0775,John Martinez,North Parish,American,71,Female,164.6
M0776,Jennifer Brown,East Parish,Italian,18,Female,184.7
M0777,John Hernandez,South Parish,Chinese,37,Female,174.6
M0778,Elizabeth Johnson,East Parish,Ugandan,36,Female,178.8
M0779,Elizabeth Williams,North Parish,Italian,31,Male,162.1
M0780,Michael Martinez,East Parish,Spanish,45,Female,168.8
M0781,Robert Hernandez,North Parish,British,68,Male,190.8
M0782,Elizabeth Williams,East Parish,Ugandan,55,Female,169.6
M0783,Mary Williams,East Parish,British,56,Male,155.7
M0784,William Johnson,North Parish,French,59,Female,178.2
M0785,William Garcia,South Parish,British,38,Female,179.6
M0786,Elizabeth Brown,East Parish,Italian,47,Female,177.3
M0787,Robert Garcia,North Parish,British,46,Male,184.1
M0788,Jennifer Williams,South Parish,Chinese,46,Female,177.5
M0789,Jennifer Hernandez,East Parish,French,61,Male,197.7
M0790,Linda Miller,North Parish,French,31,Male,173.1
M0791,John Williams,Central Parish,Indian,50,Female,185.4
M0792,Mary Davis,West Parish,Nigerian,48,Female,171.9
M0793,Michael Johnson,East Parish,Italian,68,Female,164.6
M0794,James Garcia,North Parish,Brazilian,75,Male,184.6
M0795,Michael Smith,West Parish,Chinese,79,Male,190.9
M0796,Robert Brown,South Parish,Canadian,68,Female,189.8
M0797,Michael Smith,South Parish,Ugandan,65,Female,170.5
M0798,John Johnson,Central Parish,Spanish,28,Female,175.0
M0799,Elizabeth Brown,South Parish,American,60,Male,181.7
M0800,Michael Johnson,South Parish,Ugandan,23,Male,162.1
M0801,Jennifer Williams,East Parish,British,36,Female,182.9
M0802,James Williams,North Parish,French,50,Female,185.8
M0803,Elizabeth Hernandez,East Parish,American,60,Male,189.5
M0804,Jennifer Garcia,East Parish,Indian,58,Female,153.7
M0805,James Garcia,West Parish,Ghanaian,57,Female,199.5
M0806,John Davis,East Parish,South African,39,Male,174.0
M0807,John Garcia,Central Parish,Canadian,23,Male,170.0
M0808,Linda Williams,South Parish,Spanish,70,Female,175.3
M0809,Elizabeth Hernandez,East Parish,Canadian,78,Female,196.0
M0810,John Jones,West Parish,Kenyan,66,Male,184.6
M0811,Linda Johnson,Central Parish,Spanish,33,Male,177.2
M0812,Linda Hernandez,South Parish,Brazilian,61,Male,189.5
M0813,Mary Miller,North Parish,Kenyan,37,Male,168.0
M0814,John Williams,West Parish,South African,32,Male,194.8
M0815,John Johnson,West Parish,Italian,69,Female,176.8
M0816,Robert Martinez,South Parish,American,30,Male,181.9
M0817,James Garcia,West Parish,Nigerian,27,Male,154.2
M0818,Jennifer Miller,West Parish,German,19,Female,188.4
M0819,Mary Hernandez,West Parish,French,20,Male,182.9
M0820,Michael Johnson,West Parish,Spanish,33,Female,167.8
M0821,John Martinez,East Parish,Indian,80,Male,182.3
M0822,Linda Martinez,West Parish,Nigerian,48,Male,152.2
M0823,Robert Hernandez,West Parish,German,57,Male,199.2
M0824,James Miller,Central Parish,French,72,Male,183.9
M0825,William Williams,South Parish,Brazilian,67,Female,170.0
M0826,Mary Hernandez,East Parish,Chinese,22,Male,187.6
M0827,James Jones,West Parish,Chinese,47,Female,198.3
M0828,Mary Smith,East Parish,Canadian,44,Female,171.5
M0829,Mary Hernandez,East Parish,British,74,Male,150.5
M0830,Linda Williams,North Parish,Chinese,58,Female,162.9
M0831,John Johnson,Central Parish,Brazilian,54,Female,175.5
M0832,James Martinez,East Parish,American,30,Female,175.9
M0833,Jennifer Williams,South Parish,Kenyan,63,Male,179.0
M0834,Robert Smith,North Parish,Spanish,62,Male,178.8
M0835,James Smith,North Parish,Indian,42,Female,172.3
M0836,Robert Martinez,South Parish,Indian,49,Female,169.6
M0837,Jennifer Davis,Central Parish,Kenyan,43,Male,188.6
M0838,Patricia Miller,South Parish,Ghanaian,33,Female,179.4
M0839,Patricia Hernandez,Central Parish,Chinese,27,Female,175.0
M0840,Elizabeth Martinez,West Parish,American,59,Female,167.2
M0841,Patricia Hernandez,West Parish,Spanish,62,Female,151.2
M0842,Linda Jones,Central Parish,Nigerian,18,Female,155.2
M0843,James Davis,East Parish,Chinese,75,Female,170.8
M0844,Patricia Davis,Central Parish,Spanish,66,Male,198.1
M0845,Robert Garcia,West Parish,Italian,73,Male,155.8
M0846,John Jones,Central Parish,Indian,67,Male,197.0
M0847,William Johnson,East Parish,Spanish,74,Female,157.1
M0848,Elizabeth Brown,West Parish,French,24,Male,165.6
M0849,Elizabeth Hernandez,Central Parish,German,67,Female,172.8
M0850,Robert Hernandez,Central Parish,Nigerian,45,Female,160.3
M0851,Linda Johnson,West Parish,British,32,Male,174.1
M0852,Linda Williams,North Parish,Spanish,29,Male,173.8
M0853,Robert Martinez,West Parish,American,69,Female,171.9
M0854,James Hernandez,West Parish,Brazilian,79,Male,184.8
M0855,William Garcia,West Parish,Indian,62,Male,165.9
M0856,William Miller,South Parish,American,51,Female,165.0
M0857,Robert Jones,Central Parish,Italian,47,Female,190.5
M0858,Robert Miller,East Parish,Nigerian,21,Male,155.8
M0859,Linda Davis,South Parish,Nigerian,53,Female,192.5
M0860,William Garcia,North Parish,American,33,Male,182.4
M0861,Mary Johnson,West Parish,Nigerian,76,Male,183.9
M0862,Robert Smith,Central Parish,Italian,72,Female,158.2
M0863,Jennifer Johnson,East Parish,British,25,Female,199.2
M0864,James Martinez,South Parish,Nigerian,47,Male,162.2
M0865,John Brown,East Parish,Nigerian,26,Female,158.7
M0866,Jennifer Smith,North Parish,French,69,Male,158.0
M0867,Mary Williams,North Parish,Ugandan,47,Female,178.0
M0868,Patricia Smith,West Parish,Ugandan,60,Female,197.9
M0869,Michael Martinez,South Parish,Ugandan,51,Male,161.6
M0870,Patricia Hernandez,West Parish,Brazilian,53,Female,170.3
M0871,John Garcia,North Parish,South African,56,Male,159.2
M0872,Patricia Hernandez,South Parish,Canadian,38,Female,182.0
M0873,James Smith,North Parish,Brazilian,78,Male,171.6
M0874,Mary Hernandez,South Parish,American,66,Male,151.5
M0875,Robert Jones,West Parish,British,75,Female,180.7
M0876,Michael Williams,Central Parish,Italian,46,Male,159.9
M0877,Mary Jones,North Parish,Nigerian,57,Female,179.6
M0878,Robert Miller,West Parish,Indian,70,Male,169.4
M0879,John Smith,South Parish,Ugandan,64,Male,185.2
M0880,Elizabeth Miller,West Parish,South African,75,Male,160.3
M0881,Linda Martinez,South Parish,German,50,Female,187.6
M0882,William Martinez,Central Parish,Spanish,45,Female,190.4
M0883,James Hernandez,Central Parish,Kenyan,71,Male,153.1
M0884,John Brown,West Parish,German,76,Female,155.1
M0885,Elizabeth Miller,North Parish,Ugandan,53,Female,193.6
M0886,Michael Smith,East Parish,Indian,46,Male,159.3
M0887,Jennifer Miller,Central Parish,American,75,Male,166.3
M0888,William Hernandez,West Parish,French,28,Male,172.9
M0889,Patricia Jones,East Parish,Spanish,65,Female,163.1
M0890,Mary Davis,North Parish,Canadian,73,Male,193.1
M0891,Mary Miller,East Parish,South African,48,Male,176.4
M0892,Michael Williams,North Parish,French,46,Female,182.0
M0893,Patricia Smith,North Parish,South African,34,Male,179.8
M0894,Patricia Brown,South Parish,Ghanaian,66,Female,180.6
M0895,James Miller,South Parish,South African,33,Male,179.4
M0896,Michael Jones,South Parish,British,71,Female,167.4
M0897,Linda Garcia,South Parish,Indian,58,Male,192.3
M0898,William Johnson,Central Parish,Italian,35,Male,180.9
M0899,Patricia Martinez,South Parish,British,67,Male,190.7
M0900,Michael Hernandez,West Parish,Brazilian,67,Female,185.3
M0901,Patricia Davis,East Parish,French,51,Female,164.9
M0902,James Smith,North Parish,French,49,Male,180.7
M0903,William Williams,East Parish,Canadian,58,Male,154.2
M0904,William Williams,Central Parish,Ugandan,33,Female,156.7
M0905,James Brown,Central Parish,Italian,35,Male,155.9
M0906,James Garcia,South Parish,Ugandan,46,Male,165.3
M0907,Linda Garcia,Central Parish,Ghanaian,22,Male,159.2
M0908,John Jones,West Parish,Italian,63,Female,184.7
M0909,William Martinez,North Parish,Canadian,36,Female,175.5
M0910,Robert Davis,North Parish,American,33,Male,170.9
M0911,Jennifer Williams,North Parish,Kenyan,35,Female,156.9
M0912,Michael Garcia,West Parish,Ugandan,39,Male,169.2
M0913,Patricia Martinez,East Parish,Indian,38,Female,159.3
M0914,Linda Johnson,East Parish,Ghanaian,75,Male,181.8
M0915,Patricia Brown,West Parish,Ghanaian,52,Male,184.7
M0916,Robert Garcia,North Parish,German,23,Female,182.3
M0917,Patricia Johnson,Central Parish,Chinese,26,Male,200.0
M0918,Linda Martinez,North Parish,Nigerian,27,Male,177.7
M0919,Jennifer Hernandez,East Parish,Ghanaian,32,Female,174.5
M0920,Michael Davis,East Parish,South African,42,Female,157.0
M0921,Michael Johnson,South Parish,Chinese,62,Male,165.7
M0922,Michael Jones,Central Parish,Canadian,27,Female,172.6
M0923,Elizabeth Smith,North Parish,Ugandan,63,Female,152.7
M0924,John Jones,South Parish,Ghanaian,31,Female,168.0
M0925,William Jones,West Parish,South African,22,Male,150.5
M0926,James Smith,South Parish,South African,44,Female,156.8
M0927,Michael Martinez,North Parish,Nigerian,44,Male,190.8
M0928,James Johnson,Central Parish,Kenyan,39,Female,198.2
M0929,James Smith,Central Parish,Indian,52,Male,175.3
M0930,Mary Garcia,North Parish,French,47,Male,174.7
M0931,Robert Smith,West Parish,Ugandan,44,Female,184.2
M0932,Jennifer Miller,Central Parish,Ugandan,21,Male,170.8
M0933,Elizabeth Johnson,Central Parish,Ugandan,31,Male,192.0
M0934,James Miller,Central Parish,South African,71,Female,174.4
M0935,John Davis,Central Parish,Ugandan,44,Female,154.1
M0936,William Miller,North Parish,Indian,42,Male,151.5
M0937,Jennifer Davis,West Parish,Canadian,75,Female,188.1
M0938,William Davis,Central Parish,South African,67,Female,164.6
M0939,Jennifer Jones,West Parish,Spanish,55,Male,163.7
M0940,John Williams,West Parish,Nigerian,78,Male,176.9
M0941,Elizabeth Martinez,Central Parish,Ugandan,62,Male,158.4
M0942,Mary Miller,Central Parish,Indian,19,Female,172.9
M0943,William Johnson,West Parish,Nigerian,72,Male,187.1
M0944,Jennifer Garcia,West Parish,Kenyan,74,Female,188.3
M0945,Robert Miller,West Parish,Ghanaian,66,Male,177.5
M0946,Linda Garcia,Central Parish,British,54,Male,155.7
M0947,Linda Brown,West Parish,French,42,Male,155.7
M0948,William Miller,North Parish,Kenyan,48,Male,188.8
M0949,Jennifer Hernandez,West Parish,Chinese,18,Female,191.2
M0950,Jennifer Smith,East Parish,Canadian,78,Female,168.3
M0951,Patricia Johnson,Central Parish,Nigerian,40,Female,191.1
M0952,Linda Johnson,South Parish,Ugandan,37,Female,152.1
M0953,Elizabeth Williams,West Parish,Brazilian,66,Female,185.9
M0954,Robert Johnson,South Parish,Ghanaian,42,Male,177.3
M0955,Robert Smith,Central Parish,Brazilian,72,Male,199.5
M0956,William Hernandez,North Parish,Ghanaian,75,Female,155.1
M0957,William Miller,Central Parish,Indian,79,Female,191.5
M0958,Mary Smith,West Parish,Ugandan,71,Male,187.6
M0959,Michael Miller,Central Parish,German,44,Female,164.9
M0960,Mary Davis,Central Parish,Indian,52,Female,200.0
M0961,Linda Davis,North Parish,American,65,Male,172.5
M0962,John Davis,South Parish,Spanish,65,Female,167.4
M0963,Linda Williams,Central Parish,American,52,Female,190.8
M0964,John Brown,South Parish,Chinese,69,Female,172.0
M0965,John Jones,South Parish,Ugandan,56,Female,199.7
M0966,William Smith,Central Parish,Spanish,75,Female,188.8
M0967,John Davis,South Parish,Ghanaian,32,Female,161.8
M0968,John Williams,East Parish,Kenyan,49,Male,190.5
M0969,Jennifer Garcia,Central Parish,French,32,Female,179.4
M0970,James Hernandez,Central Parish,Italian,35,Female,167.5
M0971,Robert Smith,South Parish,French,45,Female,185.5
M0972,Linda Brown,West Parish,British,49,Female,181.6
M0973,Jennifer Williams,North Parish,Canadian,19,Male,158.3
M0974,Jennifer Jones,West Parish,Ugandan,42,Female,157.0
M0975,Patricia Brown,Central Parish,Indian,39,Male,160.3
M0976,Michael Davis,South Parish,Indian,60,Female,160.3
M0977,Michael Smith,North Parish,Italian,61,Male,153.0
M0978,Mary Johnson,North Parish,Ugandan,69,Female,167.5
M0979,Jennifer Jones,South Parish,German,43,Female,164.1
M0980,James Hernandez,South Parish,Italian,64,Male,176.9
M0981,Robert Williams,South Parish,German,28,Male,166.2
M0982,James Hernandez,South Parish,South African,71,Female,185.2
M0983,John Davis,South Parish,Ugandan,47,Female,164.5
M0984,Michael Davis,North Parish,Ugandan,76,Female,163.4
M0985,William Williams,West Parish,Italian,26,Female,192.9
M0986,William Williams,East Parish,British,80,Female,199.3
M0987,Michael Jones,West Parish,American,57,Male,184.0
M0988,Michael Miller,East Parish,Ghanaian,52,Female,154.8
M0989,Robert Jones,North Parish,Nigerian,19,Female,198.1
M0990,James Hernandez,Central Parish,British,76,Female,189.3
M0991,John Smith,Central Parish,Nigerian,43,Male,195.9
M0992,Patricia Smith,Central Parish,Canadian,55,Female,199.6
M0993,James Miller,South Parish,South African,54,Female,193.4
M0994,Patricia Miller,East Parish,Spanish,60,Female,156.3
M0995,William Brown,North Parish,Ghanaian,19,Male,193.3
M0996,Elizabeth Garcia,Central Parish,Canadian,23,Male,162.5
M0997,Elizabeth Smith,Central Parish,French,59,Female,185.6
M0998,Patricia Smith,South Parish,Canadian,45,Female,191.4
M0999,James Johnson,South Parish,British,26,Male,188.1
M1000,Michael Johnson,West Parish,Ghanaian,73,Male,183.8
